Date;Regular80_RUB;Diesel_RUB;Regular92_RUB;Super95_RUB;Super98_RUB;Regular80_EUR;Diesel_EUR;Regular92_EUR;Super95_EUR;Super98_EUR
12/01/2015;30.16;34.43;32.34;35.12;;0.441;0.504;0.473;0.514;
19/01/2015;30.16;34.48;32.32;35.11;;0.398;0.455;0.426;0.463;
26/01/2015;30.18;34.44;32.26;35.08;;0.42;0.479;0.449;0.488;
02/02/2015;30.7;34.31;32.21;35.05;;0.393;0.439;0.412;0.449;
09/02/2015;30.69;34.19;32.14;35.02;;0.406;0.452;0.425;0.463;
16/02/2015;30.7;34.16;32.12;35.0;;0.413;0.459;0.432;0.471;
23/02/2015;30.71;34.13;32.08;34.97;;0.439;0.487;0.458;0.499;
02/03/2015;30.7;34.13;32.06;34.96;;0.447;0.497;0.467;0.509;
09/03/2015;30.79;34.11;32.08;34.98;;0.466;0.516;0.485;0.529;
16/03/2015;30.79;34.14;32.09;34.99;;0.474;0.526;0.494;0.539;
23/03/2015;30.79;34.16;32.1;34.99;;0.481;0.533;0.501;0.546;
30/03/2015;30.8;34.22;32.12;35.0;;0.492;0.547;0.513;0.559;
06/04/2015;30.8;34.29;32.14;35.01;;0.499;0.555;0.521;0.567;
13/04/2015;30.81;34.34;32.15;35.05;;0.568;0.633;0.592;0.646;
20/04/2015;30.83;34.37;32.16;35.06;;0.566;0.63;0.59;0.643;
27/04/2015;30.83;34.37;32.17;35.07;;0.564;0.629;0.589;0.642;
04/05/2015;30.85;34.36;32.18;35.07;;0.54;0.601;0.563;0.614;
11/05/2015;30.85;34.36;32.17;35.07;;0.542;0.604;0.565;0.616;
18/05/2015;30.84;34.35;32.17;35.06;;0.541;0.603;0.565;0.615;
25/05/2015;30.85;34.36;32.18;35.06;;0.555;0.619;0.579;0.631;
01/06/2015;30.84;34.36;32.19;35.07;;0.532;0.592;0.555;0.605;
08/06/2015;30.86;34.39;32.24;35.11;;0.487;0.543;0.509;0.554;
15/06/2015;30.9;34.42;32.36;35.22;;0.503;0.56;0.526;0.573;
22/06/2015;30.91;34.47;32.48;35.32;;0.507;0.566;0.533;0.58;
29/06/2015;30.96;34.5;32.62;35.48;;0.504;0.562;0.531;0.578;
06/07/2015;31.15;34.57;32.91;35.72;;0.504;0.56;0.533;0.578;
13/07/2015;31.26;34.6;33.15;35.99;;0.497;0.55;0.527;0.572;
20/07/2015;31.33;34.62;33.3;36.13;;0.506;0.559;0.538;0.584;
27/07/2015;31.43;34.64;33.44;36.23;;0.494;0.545;0.526;0.57;
03/08/2015;31.53;34.66;33.59;36.39;;0.478;0.525;0.509;0.551;
10/08/2015;31.59;34.67;33.7;36.48;;0.453;0.497;0.483;0.523;
17/08/2015;31.69;34.7;33.84;36.64;;0.438;0.48;0.468;0.506;
24/08/2015;31.74;34.71;33.94;36.76;;0.414;0.453;0.443;0.479;
31/08/2015;31.78;34.71;34.05;36.86;;0.423;0.463;0.454;0.491;
07/09/2015;31.83;34.72;34.13;36.93;;0.422;0.46;0.453;0.49;
14/09/2015;31.87;34.73;34.19;36.99;;0.415;0.452;0.445;0.482;
21/09/2015;31.91;34.72;34.25;37.05;;0.426;0.463;0.457;0.494;
28/09/2015;31.95;34.73;34.27;37.07;;0.437;0.475;0.469;0.507;
05/10/2015;32.0;34.72;34.3;37.1;;0.435;0.472;0.466;0.504;
12/10/2015;32.06;34.73;34.32;37.12;;0.462;0.501;0.495;0.535;
19/10/2015;32.08;34.76;34.34;37.14;;0.46;0.498;0.492;0.532;
26/10/2015;32.16;34.82;34.35;37.14;;0.468;0.506;0.499;0.54;
02/11/2015;32.19;34.9;34.35;37.14;;0.455;0.493;0.485;0.525;
09/11/2015;32.22;35.04;34.33;37.13;;0.465;0.506;0.496;0.536;
16/11/2015;32.21;35.25;34.32;37.13;;0.448;0.491;0.478;0.517;
23/11/2015;32.21;35.39;34.31;37.12;;0.464;0.51;0.494;0.535;
30/11/2015;32.22;35.42;34.29;37.11;;0.458;0.503;0.487;0.527;
07/12/2015;32.21;35.53;34.24;37.07;;0.437;0.482;0.465;0.503;
14/12/2015;32.17;35.55;34.14;36.99;;0.425;0.469;0.451;0.488;
21/12/2015;32.17;35.56;34.0;36.89;;0.416;0.459;0.439;0.477;
28/12/2015;32.16;35.54;33.95;36.84;;0.417;0.461;0.441;0.478;
04/01/2016;32.16;35.54;33.95;36.84;;0.404;0.446;0.426;0.463;
11/01/2016;32.23;35.54;33.91;36.8;;0.405;0.446;0.426;0.462;
18/01/2016;32.23;35.52;33.89;36.78;;0.387;0.426;0.407;0.442;
25/01/2016;32.24;35.49;33.85;36.74;;0.37;0.407;0.388;0.421;
01/02/2016;32.51;35.46;33.8;36.76;;0.397;0.433;0.413;0.449;
08/02/2016;32.5;35.44;33.79;36.75;;0.375;0.409;0.39;0.424;
15/02/2016;32.49;35.41;33.8;36.77;;0.362;0.394;0.376;0.409;
22/02/2016;32.49;35.39;33.79;36.76;;0.378;0.412;0.394;0.428;
29/02/2016;32.5;35.36;33.78;36.76;;0.392;0.426;0.407;0.443;
07/03/2016;32.49;35.33;33.87;36.86;;0.406;0.441;0.423;0.46;
14/03/2016;32.5;35.31;33.93;36.9;;0.414;0.45;0.433;0.471;
21/03/2016;32.54;35.28;34.05;37.01;;0.422;0.457;0.441;0.479;
28/03/2016;32.55;35.28;34.17;37.14;;0.426;0.462;0.447;0.486;
04/04/2016;32.59;35.27;34.26;37.23;;0.426;0.461;0.448;0.487;
11/04/2016;32.6;35.25;34.31;37.27;;0.425;0.46;0.447;0.486;
18/04/2016;32.62;35.22;34.36;37.33;;0.439;0.474;0.462;0.502;
25/04/2016;32.64;35.2;34.38;37.36;;0.437;0.471;0.46;0.5;
02/05/2016;32.67;35.18;34.39;37.37;;0.446;0.48;0.469;0.51;
09/05/2016;32.64;35.16;34.39;37.39;;0.432;0.465;0.455;0.495;
16/05/2016;32.64;35.15;34.41;37.4;;0.443;0.477;0.467;0.508;
23/05/2016;32.79;35.14;34.41;37.41;;0.44;0.472;0.462;0.502;
30/05/2016;32.8;35.12;34.41;37.43;;0.444;0.476;0.466;0.507;
06/06/2016;32.89;35.17;34.45;37.47;;0.441;0.472;0.462;0.503;
13/06/2016;32.95;35.25;34.56;37.59;;0.45;0.482;0.472;0.514;
20/06/2016;33.02;35.32;34.65;37.68;;0.449;0.48;0.471;0.512;
27/06/2016;33.08;35.39;34.76;37.81;;0.455;0.487;0.478;0.52;
04/07/2016;33.09;35.47;34.85;37.9;;0.466;0.499;0.49;0.533;
11/07/2016;33.18;35.54;34.98;38.04;;0.466;0.499;0.492;0.535;
18/07/2016;33.26;35.56;35.09;38.15;;0.473;0.506;0.499;0.542;
25/07/2016;33.34;35.57;35.13;38.2;;0.468;0.499;0.493;0.536;
01/08/2016;33.35;35.55;35.16;38.24;;0.448;0.478;0.473;0.514;
08/08/2016;33.37;35.57;35.19;38.25;;0.457;0.487;0.482;0.524;
15/08/2016;33.41;35.56;35.19;38.27;;0.466;0.496;0.491;0.534;
22/08/2016;33.45;35.57;35.2;38.28;;0.462;0.491;0.486;0.528;
29/08/2016;33.45;35.55;35.21;38.29;;0.458;0.486;0.482;0.524;
05/09/2016;33.45;35.54;35.21;38.3;;0.454;0.482;0.478;0.52;
12/09/2016;33.43;35.52;35.19;38.29;;0.462;0.491;0.486;0.529;
19/09/2016;33.44;35.51;35.19;38.28;;0.458;0.486;0.482;0.524;
26/09/2016;33.48;35.51;35.16;38.28;;0.468;0.496;0.491;0.535;
03/10/2016;33.48;35.5;35.15;38.27;;0.472;0.5;0.496;0.54;
10/10/2016;33.49;35.49;35.14;38.26;;0.484;0.513;0.508;0.553;
17/10/2016;33.5;35.5;35.13;38.26;;0.483;0.512;0.506;0.551;
24/10/2016;33.55;35.5;35.12;38.25;;0.493;0.522;0.516;0.562;
31/10/2016;33.55;35.55;35.13;38.25;;0.489;0.518;0.512;0.557;
07/11/2016;33.55;35.64;35.13;38.27;;0.475;0.505;0.498;0.542;
14/11/2016;33.56;35.76;35.14;38.27;;0.472;0.503;0.494;0.538;
21/11/2016;33.56;35.94;35.14;38.27;;0.486;0.521;0.509;0.555;
28/11/2016;33.57;36.04;35.16;38.29;;0.491;0.527;0.514;0.559;
05/12/2016;33.58;36.14;35.17;38.31;;0.49;0.528;0.514;0.56;
12/12/2016;33.59;36.35;35.19;38.33;;0.471;0.509;0.493;0.537;
19/12/2016;33.6;36.63;35.23;38.36;;0.521;0.568;0.546;0.595;
26/12/2016;33.64;36.88;35.29;38.4;;0.529;0.58;0.555;0.604;
02/01/2017;33.64;36.88;35.29;38.4;;0.527;0.578;0.553;0.602;
09/01/2017;33.6;37.26;35.38;38.53;;0.527;0.584;0.554;0.604;
16/01/2017;33.62;37.35;35.46;38.61;;0.533;0.592;0.562;0.612;
23/01/2017;33.64;37.53;35.57;38.72;;0.528;0.589;0.558;0.608;
30/01/2017;33.68;37.59;35.63;38.78;;0.523;0.584;0.554;0.603;
06/02/2017;33.77;37.55;35.64;38.85;;0.529;0.588;0.558;0.609;
13/02/2017;33.85;37.6;35.7;38.9;;0.54;0.6;0.57;0.621;
20/02/2017;33.88;37.65;35.74;38.95;;0.551;0.613;0.582;0.634;
27/02/2017;33.88;37.65;35.79;39.0;;0.56;0.623;0.592;0.645;
06/03/2017;33.92;37.65;35.86;39.06;;0.547;0.607;0.579;0.63;
13/03/2017;33.92;37.66;35.91;39.1;;0.541;0.6;0.572;0.623;
20/03/2017;33.92;37.62;35.95;39.15;;0.544;0.603;0.576;0.628;
27/03/2017;33.94;37.59;36.01;39.2;;0.549;0.608;0.582;0.634;
03/04/2017;33.95;37.61;36.07;39.27;;0.568;0.629;0.603;0.657;
10/04/2017;33.97;37.6;36.13;39.33;;0.561;0.621;0.597;0.649;
17/04/2017;33.97;37.58;36.17;39.38;;0.568;0.629;0.605;0.659;
24/04/2017;33.98;37.58;36.21;39.42;;0.563;0.623;0.6;0.654;
01/05/2017;33.98;37.58;36.28;39.5;;0.548;0.606;0.585;0.637;
08/05/2017;33.99;37.6;36.34;39.56;;0.529;0.585;0.566;0.616;
15/05/2017;34.0;37.62;36.37;39.59;;0.548;0.606;0.586;0.638;
22/05/2017;34.02;37.67;36.44;39.66;;0.535;0.592;0.573;0.623;
29/05/2017;34.06;37.74;36.53;39.74;;0.535;0.593;0.574;0.624;
05/06/2017;34.16;37.84;36.69;39.83;;0.537;0.595;0.577;0.626;
12/06/2017;34.22;37.91;36.83;39.91;;0.536;0.594;0.577;0.626;
19/06/2017;34.25;37.97;36.94;39.97;;0.531;0.589;0.573;0.62;
26/06/2017;34.29;38.0;36.98;40.01;;0.514;0.57;0.555;0.6;
03/07/2017;34.33;38.01;36.98;40.02;;0.506;0.561;0.545;0.59;
10/07/2017;34.35;38.03;37.01;40.04;;0.498;0.552;0.537;0.581;
17/07/2017;34.4;38.05;37.03;40.06;;0.503;0.557;0.542;0.586;
24/07/2017;34.42;38.06;37.04;40.07;;0.501;0.554;0.539;0.584;
31/07/2017;34.6;38.08;37.07;40.1;;0.497;0.547;0.532;0.576;
07/08/2017;34.61;38.09;37.08;40.1;;0.483;0.531;0.517;0.559;
14/08/2017;34.62;38.09;37.1;40.12;;0.489;0.538;0.524;0.567;
21/08/2017;34.63;38.09;37.11;40.14;;0.497;0.546;0.532;0.576;
28/08/2017;34.6;38.1;37.12;40.15;;0.496;0.547;0.533;0.576;
04/09/2017;34.6;38.11;37.13;40.17;;0.501;0.552;0.538;0.582;
11/09/2017;34.6;38.13;37.15;40.18;;0.504;0.555;0.541;0.585;
18/09/2017;34.64;38.15;37.18;40.21;;0.505;0.556;0.542;0.586;
25/09/2017;34.7;38.18;37.22;40.24;;0.502;0.553;0.539;0.583;
02/10/2017;34.71;38.22;37.24;40.26;;0.507;0.558;0.544;0.588;
09/10/2017;34.72;38.25;37.24;40.27;;0.514;0.566;0.551;0.596;
16/10/2017;34.72;38.31;37.25;40.29;;0.51;0.562;0.547;0.591;
23/10/2017;34.72;38.41;37.26;40.3;;0.511;0.566;0.549;0.594;
30/10/2017;34.74;38.53;37.27;40.31;;0.514;0.571;0.552;0.597;
06/11/2017;34.84;38.67;37.28;40.33;;0.512;0.568;0.548;0.592;
13/11/2017;34.84;39.0;37.3;40.35;;0.505;0.565;0.541;0.585;
20/11/2017;34.9;39.18;37.33;40.41;;0.496;0.557;0.531;0.574;
27/11/2017;34.94;39.49;37.44;40.51;;0.504;0.57;0.54;0.584;
04/12/2017;35.0;39.72;37.59;40.66;;0.502;0.569;0.539;0.583;
11/12/2017;35.22;40.03;37.77;40.85;;0.506;0.575;0.542;0.587;
18/12/2017;35.37;40.26;37.9;40.99;;0.509;0.58;0.546;0.59;
25/12/2017;35.52;40.49;38.01;41.09;;0.514;0.586;0.55;0.594;
01/01/2018;;40.49;38.01;41.09;;;0.588;0.552;0.597;
08/01/2018;;40.71;38.08;41.02;46.15;;0.591;0.553;0.596;0.67
15/01/2018;;40.76;38.09;41.04;46.17;;0.597;0.558;0.601;0.676
22/01/2018;;40.81;38.1;41.04;46.2;;0.588;0.549;0.591;0.666
29/01/2018;;40.84;38.1;41.04;46.26;;0.587;0.547;0.59;0.665
05/02/2018;;40.99;38.07;41.04;46.31;;0.585;0.543;0.585;0.661
12/02/2018;;41.0;38.07;41.04;46.36;;0.574;0.533;0.575;0.649
19/02/2018;;40.99;38.06;41.04;46.37;;0.58;0.539;0.581;0.656
26/02/2018;;40.98;38.06;41.04;46.38;;0.589;0.547;0.589;0.666
05/03/2018;;40.97;38.06;41.03;46.37;;0.59;0.548;0.591;0.668
12/03/2018;;40.96;38.05;41.03;46.37;;0.581;0.539;0.582;0.657
19/03/2018;;40.96;38.05;41.04;46.37;;0.578;0.537;0.58;0.655
26/03/2018;;40.97;38.06;41.05;46.39;;0.582;0.54;0.583;0.659
02/04/2018;;40.99;38.11;41.12;46.45;;0.581;0.54;0.583;0.658
09/04/2018;;41.06;38.16;41.16;46.52;;0.581;0.54;0.582;0.658
16/04/2018;;41.25;38.3;41.31;46.62;;0.545;0.506;0.545;0.615
23/04/2018;;41.45;38.47;41.48;46.76;;0.548;0.509;0.548;0.618
30/04/2018;;41.6;38.65;41.65;46.92;;0.553;0.514;0.554;0.624
07/05/2018;;41.96;39.03;42.03;47.33;;0.555;0.516;0.556;0.626
14/05/2018;;42.41;39.51;42.49;47.71;;0.577;0.537;0.578;0.649
21/05/2018;;43.1;40.28;43.27;48.27;;0.589;0.55;0.591;0.66
28/05/2018;;43.91;41.09;44.06;49.06;;0.609;0.57;0.611;0.68
04/06/2018;;44.42;41.68;44.64;49.71;;0.611;0.573;0.614;0.684
11/06/2018;;44.44;41.74;44.69;49.74;;0.606;0.569;0.609;0.678
18/06/2018;;44.44;41.68;44.68;49.72;;0.613;0.575;0.616;0.685
25/06/2018;;44.46;41.65;44.66;49.75;;0.603;0.565;0.606;0.675
02/07/2018;;44.46;41.64;44.67;49.87;;0.609;0.57;0.612;0.683
09/07/2018;;44.46;41.61;44.67;49.88;;0.602;0.563;0.604;0.675
16/07/2018;;44.48;41.57;44.65;49.89;;0.614;0.574;0.616;0.688
23/07/2018;;44.47;41.53;44.59;49.84;;0.601;0.562;0.603;0.674
30/07/2018;;44.46;41.51;44.58;49.82;;0.606;0.566;0.608;0.679
06/08/2018;;44.46;41.43;44.55;49.82;;0.605;0.564;0.606;0.678
13/08/2018;;44.47;41.39;44.54;49.82;;0.58;0.54;0.581;0.65
20/08/2018;;44.44;41.36;44.53;49.83;;0.583;0.543;0.584;0.654
27/08/2018;;44.45;41.35;44.52;49.82;;0.567;0.527;0.568;0.635
03/09/2018;;44.45;41.33;44.53;49.84;;0.559;0.52;0.56;0.627
10/09/2018;;44.45;41.33;44.53;49.84;;0.553;0.514;0.554;0.62
17/09/2018;;44.51;41.34;44.54;49.88;;0.557;0.517;0.557;0.624
24/09/2018;;44.54;41.35;44.56;49.87;;0.57;0.53;0.571;0.639
01/10/2018;;44.59;41.37;44.57;49.91;;0.585;0.543;0.585;0.655
08/10/2018;;44.69;41.39;44.62;49.95;;0.583;0.54;0.582;0.652
15/10/2018;;44.81;41.43;44.69;50.04;;0.586;0.542;0.584;0.654
22/10/2018;;44.95;41.47;44.75;50.11;;0.597;0.551;0.594;0.665
29/10/2018;;45.11;41.53;44.81;50.17;;0.604;0.556;0.6;0.672
05/11/2018;;45.26;41.55;44.83;50.25;;0.604;0.554;0.598;0.67
12/11/2018;;45.29;41.55;44.83;50.26;;0.597;0.548;0.591;0.663
19/11/2018;;46.29;41.54;44.83;50.27;;0.618;0.555;0.599;0.671
26/11/2018;;46.49;41.55;44.84;50.33;;0.62;0.554;0.598;0.672
03/12/2018;;46.51;41.54;44.83;50.38;;0.614;0.548;0.592;0.665
10/12/2018;;46.58;41.53;44.82;50.41;;0.612;0.546;0.589;0.663
17/12/2018;;46.6;41.5;44.79;50.43;;0.618;0.55;0.594;0.669
24/12/2018;;46.66;41.48;44.77;50.43;;0.598;0.532;0.574;0.647
31/12/2018;;46.66;41.48;44.77;50.43;;0.587;0.522;0.563;0.635
07/01/2019;;47.14;41.67;44.96;50.79;;0.593;0.524;0.566;0.639
14/01/2019;;47.22;41.75;45.04;50.91;;0.612;0.541;0.584;0.66
21/01/2019;;47.23;41.81;45.09;50.99;;0.625;0.553;0.597;0.675
28/01/2019;;47.24;41.8;45.1;51.02;;0.633;0.56;0.604;0.684
04/02/2019;;47.15;41.82;45.1;50.87;;0.627;0.557;0.6;0.677
11/02/2019;;47.12;41.8;45.1;50.87;;0.629;0.558;0.602;0.679
18/02/2019;;47.08;41.76;45.05;50.86;;0.626;0.555;0.599;0.676
25/02/2019;;47.05;41.73;45.03;50.79;;0.633;0.561;0.606;0.683
04/03/2019;;47.0;41.71;45.01;50.77;;0.628;0.558;0.602;0.679
11/03/2019;;46.96;41.7;45.01;50.78;;0.63;0.559;0.604;0.681
18/03/2019;;46.9;41.67;44.98;50.76;;0.633;0.563;0.607;0.685
25/03/2019;;46.85;41.67;44.97;50.76;;0.645;0.574;0.62;0.699
01/04/2019;;46.73;41.65;44.96;50.75;;0.643;0.573;0.618;0.698
08/04/2019;;46.63;41.67;44.98;50.71;;0.635;0.567;0.612;0.691
15/04/2019;;46.41;41.66;44.98;50.7;;0.637;0.572;0.618;0.696
22/04/2019;;46.15;41.66;44.98;50.72;;0.642;0.579;0.625;0.705
29/04/2019;;46.1;41.67;44.99;50.73;;0.639;0.578;0.624;0.704
06/05/2019;;46.01;41.67;44.99;50.76;;0.636;0.576;0.622;0.702
13/05/2019;;45.99;41.68;45.0;50.77;;0.629;0.57;0.616;0.695
20/05/2019;;45.97;41.7;45.03;50.78;;0.636;0.577;0.623;0.703
27/05/2019;;46.0;41.77;45.11;50.84;;0.636;0.578;0.624;0.703
03/06/2019;;46.04;41.97;45.3;50.91;;0.632;0.576;0.622;0.699
10/06/2019;;46.05;42.09;45.43;50.94;;0.629;0.575;0.62;0.695
17/06/2019;;46.06;42.11;45.45;50.95;;0.634;0.579;0.625;0.701
24/06/2019;;46.06;42.13;45.48;50.98;;0.646;0.59;0.637;0.715
01/07/2019;;46.08;42.17;45.52;51.07;;0.642;0.587;0.634;0.711
08/07/2019;;46.08;42.18;45.54;51.14;;0.643;0.589;0.636;0.714
15/07/2019;;46.1;42.2;45.57;51.15;;0.649;0.594;0.642;0.72
22/07/2019;;46.1;42.2;45.58;51.17;;0.651;0.596;0.644;0.723
29/07/2019;;46.14;42.22;45.62;51.23;;0.656;0.6;0.649;0.729
05/08/2019;;46.14;42.23;45.64;51.31;;0.643;0.589;0.636;0.716
12/08/2019;;46.14;42.23;45.65;51.38;;0.632;0.578;0.625;0.704
19/08/2019;;46.14;42.24;45.66;51.41;;0.63;0.577;0.624;0.702
26/08/2019;;46.14;42.23;45.66;51.46;;0.635;0.581;0.629;0.709
02/09/2019;;46.14;42.23;45.66;51.46;;0.629;0.575;0.622;0.701
09/09/2019;;46.15;42.23;45.66;51.47;;0.633;0.579;0.626;0.706
16/09/2019;;46.15;42.23;45.66;51.47;;0.645;0.59;0.638;0.72
23/09/2019;;46.17;42.23;45.67;51.49;;0.654;0.598;0.647;0.729
30/09/2019;;46.19;42.24;45.69;51.55;;0.657;0.601;0.65;0.733
07/10/2019;;46.21;42.25;45.7;51.58;;0.648;0.592;0.64;0.723
14/10/2019;;46.24;42.26;45.72;51.63;;0.654;0.597;0.646;0.73
21/10/2019;;46.33;42.26;45.72;51.65;;0.651;0.594;0.643;0.726
28/10/2019;;46.46;42.26;45.73;51.66;;0.653;0.594;0.643;0.726
04/11/2019;;46.83;42.27;45.74;51.68;;0.655;0.591;0.64;0.723
11/11/2019;;46.97;42.25;45.75;51.68;;0.667;0.6;0.65;0.734
18/11/2019;;47.16;42.25;45.75;51.68;;0.67;0.6;0.65;0.734
25/11/2019;;47.37;42.24;45.76;51.71;;0.672;0.599;0.649;0.733
02/12/2019;;47.47;42.23;45.75;51.73;;0.673;0.599;0.648;0.733
09/12/2019;;47.62;42.23;45.75;51.76;;0.673;0.597;0.647;0.731
16/12/2019;;47.68;42.22;45.74;51.76;;0.683;0.604;0.655;0.741
23/12/2019;;47.72;42.24;45.76;51.77;;0.688;0.609;0.66;0.746
30/12/2019;;47.72;42.24;45.76;51.77;;0.691;0.612;0.663;0.75
06/01/2020;;48.01;42.34;45.79;51.86;;0.692;0.61;0.66;0.748
13/01/2020;;48.04;42.35;45.79;51.87;;0.706;0.622;0.673;0.762
20/01/2020;;48.09;42.35;45.8;51.89;;0.702;0.618;0.668;0.757
27/01/2020;;48.1;42.39;45.83;51.9;;0.704;0.621;0.671;0.76
03/02/2020;;48.15;42.45;45.89;51.96;;0.692;0.61;0.659;0.747
10/02/2020;;48.15;42.45;45.9;51.96;;0.692;0.61;0.659;0.746
17/02/2020;;48.15;42.46;45.9;51.97;;0.7;0.617;0.667;0.756
24/02/2020;;48.14;42.48;45.91;51.98;;0.693;0.612;0.661;0.749
02/03/2020;;48.14;42.51;45.92;52.0;;0.653;0.577;0.623;0.705
09/03/2020;;48.13;42.52;45.93;52.02;;0.635;0.561;0.606;0.686
16/03/2020;;48.11;42.52;45.93;52.02;;0.588;0.519;0.561;0.635
23/03/2020;;48.05;42.52;45.93;52.03;;0.571;0.505;0.546;0.618
30/03/2020;;47.99;42.51;45.93;52.04;;0.56;0.496;0.536;0.607
06/04/2020;;47.91;42.49;45.92;52.08;;0.559;0.496;0.536;0.607
13/04/2020;;47.84;42.45;45.88;52.07;;0.593;0.526;0.568;0.645
20/04/2020;;47.8;42.42;45.85;52.07;;0.597;0.53;0.572;0.65
27/04/2020;;47.75;42.41;45.85;52.07;;0.595;0.528;0.571;0.649
04/05/2020;;47.73;42.39;45.81;52.07;;0.603;0.536;0.579;0.658
11/05/2020;;47.72;42.38;45.81;52.07;;0.596;0.53;0.573;0.651
18/05/2020;;47.71;42.38;45.83;52.07;;0.603;0.536;0.579;0.658
25/05/2020;;47.69;42.4;45.84;52.07;;0.608;0.541;0.584;0.664
01/06/2020;;47.71;42.42;45.86;52.07;;0.607;0.54;0.584;0.663
08/06/2020;;47.74;42.47;45.93;52.1;;0.612;0.545;0.589;0.668
15/06/2020;;47.78;42.55;46.03;52.13;;0.608;0.542;0.586;0.664
22/06/2020;;47.85;42.66;46.2;52.24;;0.613;0.547;0.592;0.67
29/06/2020;;47.88;42.7;46.26;52.27;;0.617;0.551;0.597;0.674
06/07/2020;;47.94;42.78;46.38;52.37;;0.605;0.54;0.585;0.661
13/07/2020;;48.02;42.97;46.61;52.53;;0.598;0.535;0.581;0.654
20/07/2020;;48.01;43.02;46.69;52.63;;0.588;0.527;0.572;0.644
27/07/2020;;48.03;43.06;46.77;52.69;;0.578;0.518;0.563;0.634
03/08/2020;;48.05;43.08;46.83;52.73;;0.55;0.494;0.536;0.604
10/08/2020;;48.04;43.1;46.86;52.79;;0.551;0.494;0.538;0.606
17/08/2020;;48.04;43.11;46.88;52.83;;0.556;0.499;0.543;0.611
24/08/2020;;48.05;43.14;46.91;52.89;;0.548;0.492;0.535;0.603
31/08/2020;;48.05;43.15;46.93;52.94;;0.541;0.486;0.529;0.597
07/09/2020;;48.05;43.16;46.94;52.98;;0.54;0.485;0.527;0.595
14/09/2020;;48.04;43.16;46.93;52.99;;0.542;0.487;0.529;0.598
21/09/2020;;48.02;43.16;46.93;53.06;;0.54;0.485;0.528;0.596
28/09/2020;;48.04;43.17;46.93;53.09;;0.536;0.481;0.523;0.592
05/10/2020;;48.05;43.18;46.94;53.14;;0.525;0.472;0.513;0.58
12/10/2020;;48.07;43.21;46.97;53.2;;0.53;0.476;0.518;0.586
19/10/2020;;48.07;43.21;46.97;53.23;;0.526;0.473;0.514;0.583
26/10/2020;;48.08;43.21;46.96;53.25;;0.532;0.478;0.519;0.589
02/11/2020;;48.17;43.22;46.96;53.3;;0.52;0.467;0.507;0.575
09/11/2020;;48.31;43.22;46.97;53.33;;0.529;0.473;0.514;0.584
16/11/2020;;48.41;43.22;46.97;53.35;;0.53;0.473;0.514;0.584
23/11/2020;;48.45;43.21;46.97;53.36;;0.537;0.479;0.52;0.591
30/11/2020;;48.54;43.22;46.96;53.38;;0.537;0.478;0.519;0.59
07/12/2020;;48.6;43.23;46.97;53.4;;0.538;0.479;0.52;0.592
14/12/2020;;48.62;43.23;46.97;53.41;;0.548;0.487;0.529;0.602
21/12/2020;;48.68;43.23;46.98;53.41;;0.542;0.481;0.523;0.595
28/12/2020;;48.74;43.28;47.04;53.55;;0.542;0.482;0.523;0.596
11/01/2021;;48.84;43.46;47.24;53.9;;0.538;0.479;0.52;0.594
18/01/2021;;48.89;43.56;47.33;54.01;;0.538;0.48;0.521;0.595
25/01/2021;;48.94;43.7;47.45;54.11;;0.541;0.483;0.525;0.599
01/02/2021;;48.96;43.87;47.54;54.11;;0.53;0.475;0.515;0.586
08/02/2021;;49.02;44.02;47.69;54.25;;0.545;0.49;0.531;0.604
15/02/2021;;49.09;44.12;47.79;54.41;;0.548;0.492;0.533;0.607
22/02/2021;;49.12;44.2;47.86;54.48;;0.548;0.493;0.534;0.608
01/03/2021;;49.18;44.27;47.92;54.55;;0.544;0.49;0.53;0.604
08/03/2021;;49.25;44.38;48.03;54.69;;0.554;0.499;0.54;0.615
15/03/2021;;49.3;44.51;48.12;54.77;;0.562;0.507;0.548;0.624
22/03/2021;;49.34;44.64;48.25;54.83;;0.558;0.505;0.546;0.62
29/03/2021;;49.42;44.76;48.35;54.95;;0.554;0.501;0.542;0.616
05/04/2021;;49.49;44.89;48.48;55.11;;0.552;0.501;0.541;0.615
12/04/2021;;49.53;44.94;48.53;55.16;;0.54;0.49;0.529;0.601
19/04/2021;;49.51;44.95;48.54;55.2;;0.547;0.497;0.537;0.61
26/04/2021;;49.52;44.97;48.56;55.22;;0.547;0.497;0.537;0.61
03/05/2021;;49.53;45.0;48.61;55.26;;0.547;0.497;0.537;0.61
10/05/2021;;49.55;45.01;48.62;55.26;;0.554;0.503;0.543;0.617
17/05/2021;;49.57;45.03;48.63;55.28;;0.553;0.502;0.543;0.617
24/05/2021;;49.6;45.07;48.69;55.37;;0.551;0.501;0.541;0.616
31/05/2021;;49.71;45.12;48.75;55.44;;0.554;0.503;0.544;0.618
07/06/2021;;49.7;45.2;48.88;55.63;;0.56;0.509;0.551;0.627
14/06/2021;;49.77;45.26;48.96;55.74;;0.57;0.518;0.561;0.638
21/06/2021;;49.82;45.31;48.99;55.8;;0.579;0.527;0.57;0.649
28/06/2021;;49.91;45.34;49.03;55.87;;0.579;0.526;0.569;0.648
05/07/2021;;50.01;45.4;49.11;56.05;;0.574;0.521;0.564;0.644
12/07/2021;;50.12;45.46;49.17;56.13;;0.569;0.516;0.558;0.637
19/07/2021;;50.18;45.52;49.24;56.32;;0.573;0.52;0.562;0.643
26/07/2021;;50.28;45.63;49.36;56.53;;0.579;0.525;0.568;0.651
02/08/2021;;50.35;45.72;49.47;56.72;;0.579;0.526;0.569;0.652
09/08/2021;;50.48;45.82;49.58;56.99;;0.584;0.53;0.573;0.659
16/08/2021;;50.59;45.97;49.75;57.34;;0.587;0.533;0.577;0.665
23/08/2021;;50.66;46.1;49.89;57.56;;0.583;0.531;0.574;0.663
30/08/2021;;50.69;46.16;49.98;57.65;;0.582;0.53;0.574;0.662
06/09/2021;;50.62;45.99;49.82;57.57;;0.585;0.531;0.576;0.665
13/09/2021;;50.63;45.94;49.76;57.56;;0.588;0.533;0.578;0.668
20/09/2021;;50.62;45.93;49.74;57.57;;0.592;0.537;0.582;0.674
27/09/2021;;50.64;45.94;49.76;57.59;;0.591;0.536;0.581;0.672
04/10/2021;;50.65;45.97;49.78;57.6;;0.6;0.544;0.589;0.682
11/10/2021;;50.69;46.02;49.84;57.66;;0.61;0.554;0.6;0.694
18/10/2021;;50.86;46.19;49.99;57.83;;0.615;0.558;0.604;0.699
25/10/2021;;51.02;46.26;50.06;57.91;;0.618;0.561;0.607;0.702
01/11/2021;;51.3;46.37;50.17;58.05;;0.623;0.563;0.61;0.705
08/11/2021;;51.59;46.44;50.23;58.13;;0.623;0.561;0.607;0.702
15/11/2021;;52.1;46.54;50.34;58.36;;0.634;0.566;0.612;0.71
22/11/2021;;52.65;46.65;50.47;58.56;;0.638;0.565;0.611;0.709
29/11/2021;;53.03;46.72;50.55;58.59;;0.624;0.55;0.595;0.69
06/12/2021;;53.33;46.88;50.73;58.84;;0.641;0.563;0.609;0.707
13/12/2021;;53.64;46.96;50.82;59.0;;0.645;0.565;0.611;0.71
20/12/2021;;53.81;47.06;50.94;59.12;;0.644;0.564;0.61;0.708
27/12/2021;;53.94;47.11;51.01;59.17;;0.65;0.568;0.615;0.713
03/01/2022;;53.94;47.11;51.01;59.17;;0.642;0.56;0.607;0.704
10/01/2022;;54.37;47.4;51.29;59.42;;0.647;0.564;0.61;0.707
17/01/2022;;54.46;47.43;51.32;59.48;;0.627;0.546;0.591;0.685
24/01/2022;;54.69;47.48;51.4;59.57;;0.629;0.546;0.591;0.685
31/01/2022;;54.87;47.56;51.5;59.69;;0.633;0.549;0.594;0.689
07/02/2022;;54.62;47.56;51.58;59.9;;0.627;0.546;0.592;0.688
14/02/2022;;54.78;47.58;51.6;59.93;;0.642;0.557;0.605;0.702
21/02/2022;;54.9;47.61;51.63;59.97;;0.637;0.553;0.599;0.696
28/02/2022;;55.04;47.6;51.63;60.01;;0.588;0.509;0.552;0.641
07/03/2022;;55.04;47.6;51.61;60.17;;0.476;0.412;0.446;0.52
14/03/2022;;54.97;47.56;51.57;60.16;;0.426;0.369;0.4;0.467
21/03/2022;;54.9;47.52;51.54;60.16;;0.48;0.415;0.451;0.526
28/03/2022;;54.83;47.51;51.53;60.16;;0.521;0.451;0.49;0.572
04/04/2022;;54.69;47.48;51.51;60.16;;0.594;0.515;0.559;0.653
11/04/2022;;54.62;47.44;51.46;60.17;;0.668;0.581;0.63;0.736
18/04/2022;;54.59;47.4;51.43;60.15;;0.627;0.544;0.591;0.691
25/04/2022;;54.54;47.37;51.42;60.17;;0.682;0.592;0.643;0.752
02/05/2022;;54.49;47.35;51.41;60.21;;0.731;0.635;0.69;0.808
09/05/2022;;54.49;47.33;51.4;60.2;;0.766;0.666;0.723;0.847
16/05/2022;;54.5;47.32;51.39;60.2;;0.828;0.719;0.781;0.915
23/05/2022;;54.46;47.28;51.34;60.15;;0.894;0.776;0.843;0.988
30/05/2022;;54.44;47.24;51.31;60.14;;0.784;0.68;0.739;0.866
06/06/2022;;54.42;47.23;51.27;60.12;;0.826;0.716;0.778;0.912
13/06/2022;;54.4;47.21;51.27;60.12;;0.892;0.774;0.841;0.986
20/06/2022;;54.39;47.2;51.25;60.12;;0.917;0.796;0.864;1.013
27/06/2022;;54.43;47.18;51.23;60.12;;0.973;0.843;0.915;1.074
04/07/2022;;54.42;47.17;51.23;60.12;;0.966;0.837;0.909;1.067
11/07/2022;;54.4;47.15;51.21;60.11;;0.877;0.76;0.825;0.969
18/07/2022;;54.4;47.14;51.21;60.11;;0.94;0.814;0.885;1.038
25/07/2022;;54.44;47.14;51.21;60.11;;0.943;0.816;0.887;1.041
01/08/2022;;54.45;47.15;51.22;60.13;;0.87;0.754;0.819;0.961
08/08/2022;;54.43;47.17;51.23;60.15;;0.887;0.769;0.835;0.98
15/08/2022;;54.47;47.18;51.25;60.17;;0.871;0.754;0.82;0.962
22/08/2022;;54.58;47.22;51.31;60.44;;0.919;0.795;0.864;1.018
29/08/2022;;54.68;47.24;51.32;60.59;;0.913;0.789;0.857;1.012
05/09/2022;;54.74;47.24;51.33;60.67;;0.909;0.784;0.852;1.007
12/09/2022;;54.76;47.24;51.34;60.72;;0.9;0.776;0.844;0.998
19/09/2022;;54.82;47.25;51.35;60.86;;0.916;0.789;0.858;1.016
26/09/2022;;54.93;47.25;51.35;60.94;;0.973;0.837;0.909;1.079
03/10/2022;;55.01;47.22;51.34;61.07;;1.043;0.895;0.973;1.158
10/10/2022;;55.11;47.22;51.33;61.16;;0.919;0.787;0.856;1.02
17/10/2022;;55.26;47.21;51.33;61.25;;0.885;0.756;0.822;0.98
24/10/2022;;55.41;47.21;51.32;61.3;;0.926;0.789;0.858;1.024
31/10/2022;;55.54;47.2;51.3;61.33;;0.909;0.772;0.839;1.003
07/11/2022;;55.69;47.19;51.3;61.34;;0.919;0.779;0.846;1.012
14/11/2022;;55.95;47.18;51.3;61.34;;0.909;0.767;0.834;0.997
21/11/2022;;56.47;47.21;51.32;61.41;;0.904;0.756;0.822;0.983
28/11/2022;;57.02;47.23;51.35;61.5;;0.907;0.751;0.817;0.978
05/12/2022;;57.46;47.22;51.35;61.52;;0.884;0.727;0.79;0.947
12/12/2022;;57.83;47.22;51.36;61.56;;0.878;0.717;0.78;0.935
19/12/2022;;58.14;47.21;51.35;61.57;;0.845;0.686;0.747;0.895
26/12/2022;;58.37;47.21;51.35;61.58;;0.799;0.646;0.703;0.843
02/01/2023;;58.37;47.21;51.35;61.58;;0.772;0.624;0.679;0.814
09/01/2023;;58.7;47.18;51.34;61.61;;0.776;0.624;0.679;0.814
16/01/2023;;58.81;47.18;51.34;61.62;;0.804;0.645;0.702;0.843
23/01/2023;;58.81;47.19;51.35;61.6;;0.791;0.635;0.691;0.829
30/01/2023;;58.82;47.18;51.36;61.6;;0.78;0.626;0.681;0.817
06/02/2023;;58.81;47.17;51.4;61.59;;0.766;0.615;0.67;0.803
13/02/2023;;58.68;47.16;51.39;61.59;;0.752;0.604;0.658;0.789
20/02/2023;;58.57;47.15;51.38;61.58;;0.736;0.592;0.645;0.774
27/02/2023;;58.54;47.14;51.39;61.58;;0.736;0.592;0.646;0.774
06/03/2023;;58.4;47.14;51.38;61.59;;0.73;0.589;0.642;0.769
13/03/2023;;58.38;47.14;51.39;61.59;;0.726;0.586;0.639;0.766
20/03/2023;;58.36;47.15;51.39;61.59;;0.716;0.579;0.631;0.756
27/03/2023;;58.3;47.17;51.41;61.64;;0.708;0.573;0.624;0.748
03/04/2023;;58.27;47.19;51.41;61.64;;0.693;0.561;0.611;0.733
10/04/2023;;58.22;47.2;51.41;61.65;;0.645;0.523;0.569;0.683
17/04/2023;;58.2;47.19;51.41;61.65;;0.645;0.523;0.57;0.684
24/04/2023;;58.17;47.2;51.41;61.68;;0.651;0.528;0.575;0.69
01/05/2023;;58.16;47.27;51.5;61.8;;0.658;0.535;0.583;0.699
08/05/2023;;58.1;47.29;51.52;61.83;;0.684;0.557;0.607;0.728
15/05/2023;;58.1;47.38;51.62;61.93;;0.69;0.562;0.613;0.735
22/05/2023;;58.13;47.5;51.79;62.07;;0.674;0.551;0.6;0.719
29/05/2023;;58.17;47.65;51.96;62.25;;0.677;0.555;0.605;0.725
05/06/2023;;58.19;47.79;52.11;62.52;;0.668;0.549;0.598;0.718
12/06/2023;;58.21;47.96;52.28;62.74;;0.654;0.539;0.587;0.705
19/06/2023;;58.27;48.12;52.48;62.92;;0.636;0.525;0.573;0.687
26/06/2023;;58.31;48.32;52.72;63.15;;0.637;0.528;0.576;0.69
03/07/2023;;58.38;48.46;52.88;63.26;;0.608;0.505;0.551;0.659
10/07/2023;;58.42;48.64;53.09;63.38;;0.585;0.487;0.532;0.635
17/07/2023;;58.45;48.88;53.36;63.8;;0.578;0.483;0.527;0.63
24/07/2023;;58.58;49.18;53.69;64.07;;0.582;0.489;0.533;0.637
31/07/2023;;58.8;49.44;53.97;64.4;;0.588;0.495;0.54;0.644
07/08/2023;;58.9;49.75;54.32;64.81;;0.567;0.479;0.523;0.624
14/08/2023;;59.27;49.99;54.58;65.34;;0.549;0.463;0.506;0.605
21/08/2023;;60.03;50.23;54.85;65.97;;0.592;0.495;0.54;0.65
28/08/2023;;60.84;50.42;55.07;66.52;;0.595;0.493;0.539;0.651
04/09/2023;;61.58;50.67;55.38;66.9;;0.589;0.484;0.529;0.64
11/09/2023;;62.64;51.02;55.77;67.37;;0.597;0.486;0.532;0.642
18/09/2023;;63.96;51.41;56.24;67.89;;0.621;0.499;0.546;0.659
25/09/2023;;64.99;51.62;56.47;68.45;;0.636;0.505;0.552;0.669
02/10/2023;;64.9;51.41;56.16;68.31;;0.629;0.498;0.544;0.662
09/10/2023;;64.61;51.12;55.81;68.3;;0.609;0.482;0.526;0.644
16/10/2023;;64.39;50.93;55.63;68.33;;0.628;0.497;0.542;0.666
23/10/2023;;64.22;50.8;55.48;68.3;;0.633;0.501;0.547;0.673
30/10/2023;;64.06;50.66;55.34;68.27;;0.651;0.515;0.563;0.694
06/11/2023;;64.07;50.54;55.2;68.23;;0.647;0.51;0.558;0.689
13/11/2023;;64.06;50.46;55.1;68.2;;0.652;0.513;0.56;0.694
20/11/2023;;64.08;50.35;54.99;68.18;;0.662;0.52;0.568;0.705
27/11/2023;;64.26;50.29;54.9;68.16;;0.663;0.519;0.566;0.703
04/12/2023;;64.27;50.21;54.8;68.14;;0.656;0.513;0.56;0.696
11/12/2023;;64.33;50.14;54.74;68.09;;0.651;0.507;0.554;0.689
18/12/2023;;64.37;50.15;54.75;68.18;;0.654;0.51;0.556;0.693
25/12/2023;;64.37;50.26;54.87;68.36;;0.636;0.496;0.542;0.675
01/01/2024;;64.37;50.26;54.87;68.36;;0.649;0.507;0.553;0.689
08/01/2024;;64.47;50.51;55.15;68.59;;0.65;0.509;0.556;0.691
15/01/2024;;64.46;50.52;55.16;68.62;;0.666;0.522;0.57;0.709
22/01/2024;;64.48;50.54;55.18;68.62;;0.669;0.524;0.573;0.712
29/01/2024;;64.43;50.55;55.2;68.62;;0.664;0.521;0.569;0.707
05/02/2024;;64.89;50.57;55.23;68.62;;0.658;0.513;0.56;0.696
12/02/2024;;64.85;50.58;55.23;68.62;;0.662;0.516;0.564;0.701
19/02/2024;;64.79;50.57;55.22;68.63;;0.652;0.509;0.556;0.691
26/02/2024;;64.81;50.57;55.22;68.63;;0.645;0.503;0.55;0.683
04/03/2024;;64.79;50.55;55.22;68.62;;0.656;0.512;0.559;0.695
11/03/2024;;64.74;50.54;55.21;68.65;;0.655;0.511;0.558;0.694
18/03/2024;;64.72;50.56;55.23;68.66;;0.647;0.506;0.552;0.687
25/03/2024;;64.78;50.59;55.3;68.67;;0.646;0.505;0.552;0.685
01/04/2024;;64.9;50.62;55.3;68.7;;0.652;0.509;0.556;0.69
08/04/2024;;65.0;50.67;55.41;68.91;;0.649;0.506;0.553;0.688
15/04/2024;;65.08;50.79;55.56;69.06;;0.653;0.509;0.557;0.692
22/04/2024;;65.13;50.82;55.62;69.15;;0.654;0.51;0.559;0.694
29/04/2024;;65.17;50.86;55.7;69.22;;0.665;0.519;0.568;0.706
06/05/2024;;65.2;50.87;55.7;69.37;;0.662;0.516;0.565;0.704
13/05/2024;;65.21;50.89;55.74;69.48;;0.659;0.514;0.563;0.702
20/05/2024;;65.28;50.94;55.79;69.69;;0.661;0.516;0.565;0.706
27/05/2024;;65.33;50.99;55.85;69.78;;0.673;0.525;0.575;0.719
03/06/2024;;65.43;51.13;55.98;69.96;;0.669;0.523;0.572;0.715
10/06/2024;;65.51;51.24;56.11;70.13;;0.678;0.53;0.58;0.725
17/06/2024;;65.56;51.33;56.19;70.23;;0.689;0.539;0.591;0.738
24/06/2024;;65.71;51.56;56.41;70.43;;0.697;0.547;0.598;0.747
01/07/2024;;65.84;51.85;56.69;70.74;;0.712;0.561;0.613;0.765
08/07/2024;;65.99;52.17;57.02;71.15;;0.69;0.546;0.597;0.744
15/07/2024;;66.15;52.44;57.32;71.62;;0.691;0.548;0.599;0.748
22/07/2024;;66.34;52.72;57.64;72.04;;0.691;0.549;0.6;0.75
29/07/2024;;66.53;52.9;57.9;72.53;;0.713;0.567;0.621;0.778
05/08/2024;;66.61;53.0;58.04;73.25;;0.718;0.571;0.625;0.789
12/08/2024;;66.71;53.07;58.17;74.09;;0.69;0.549;0.602;0.766
19/08/2024;;66.8;53.15;58.29;74.77;;0.683;0.543;0.596;0.764
26/08/2024;;66.84;53.2;58.39;75.4;;0.658;0.524;0.575;0.742
02/09/2024;;66.86;53.26;58.46;76.08;;0.664;0.529;0.58;0.755
09/09/2024;;66.86;53.37;58.65;77.04;;0.671;0.535;0.588;0.773
16/09/2024;;66.89;53.43;58.74;77.76;;0.664;0.53;0.583;0.771
23/09/2024;;66.94;53.47;58.79;78.36;;0.648;0.517;0.569;0.758
30/09/2024;;66.97;53.51;58.83;78.86;;0.647;0.517;0.569;0.762
07/10/2024;;67.03;53.57;58.86;79.29;;0.64;0.511;0.562;0.757
14/10/2024;;67.09;53.61;58.88;79.59;;0.638;0.51;0.56;0.757
21/10/2024;;67.21;53.67;58.95;79.98;;0.641;0.512;0.562;0.763
28/10/2024;;67.45;53.77;59.02;80.26;;0.644;0.513;0.563;0.766
04/11/2024;;67.79;53.87;59.11;80.48;;0.639;0.508;0.557;0.758
11/11/2024;;68.04;53.93;59.14;80.7;;0.645;0.511;0.561;0.765
18/11/2024;;68.41;54.1;59.31;80.95;;0.647;0.512;0.561;0.766
25/11/2024;;68.76;54.32;59.51;81.17;;0.64;0.506;0.554;0.756
02/12/2024;;69.04;54.55;59.71;81.45;;0.604;0.477;0.522;0.713
09/12/2024;;69.32;54.8;59.98;81.83;;0.652;0.516;0.564;0.77
16/12/2024;;69.61;54.99;60.19;82.15;;0.639;0.504;0.552;0.754
23/12/2024;;69.88;55.18;60.38;82.55;;0.656;0.518;0.567;0.775
30/12/2024;;69.88;55.18;60.38;82.55;;0.659;0.52;0.569;0.778
06/01/2025;;69.88;55.18;60.38;82.55;;0.659;0.52;0.569;0.778
13/01/2025;;70.15;55.49;60.63;83.09;;0.668;0.528;0.577;0.791
20/01/2025;;70.15;55.55;60.67;83.14;;0.669;0.53;0.579;0.793
27/01/2025;;70.2;55.57;60.68;83.2;;0.68;0.539;0.588;0.806
03/02/2025;;70.73;55.61;60.74;83.4;;0.693;0.545;0.595;0.817
10/02/2025;;70.2;55.57;60.68;83.2;;0.694;0.549;0.599;0.822
17/02/2025;;70.86;55.78;60.89;83.56;;0.747;0.588;0.642;0.881
24/02/2025;;70.9;55.82;60.94;83.67;;0.771;0.607;0.662;0.909
03/03/2025;;70.98;55.93;61.06;83.78;;0.775;0.611;0.667;0.915
10/03/2025;;70.99;56.02;61.18;83.8;;0.733;0.578;0.632;0.865
17/03/2025;;70.98;56.06;61.22;83.81;;0.758;0.599;0.654;0.895
24/03/2025;;70.98;56.12;61.3;83.82;;0.776;0.614;0.67;0.917
31/03/2025;;70.98;56.15;61.33;83.83;;0.792;0.626;0.684;0.935
07/04/2025;;71.04;56.29;61.46;83.94;;0.764;0.605;0.661;0.903
14/04/2025;;71.09;56.36;61.56;83.98;;0.739;0.586;0.64;0.873
21/04/2025;;71.12;56.41;61.62;84.01;;0.771;0.612;0.668;0.911
28/04/2025;;71.25;56.46;61.68;84.05;;0.755;0.598;0.654;0.891
05/05/2025;;71.3;56.49;61.72;84.03;;0.768;0.608;0.665;0.905
12/05/2025;;71.31;56.53;61.75;84.05;;0.774;0.613;0.67;0.912
19/05/2025;;71.34;56.57;61.81;84.07;;0.786;0.624;0.681;0.927
26/05/2025;;71.35;56.62;61.87;84.1;;0.788;0.625;0.683;0.929
02/06/2025;;71.39;56.69;61.93;84.17;;0.8;0.635;0.694;0.943
09/06/2025;;71.44;56.73;61.97;84.19;;0.79;0.628;0.686;0.931
16/06/2025;;71.43;56.78;62.04;84.28;;0.794;0.631;0.689;0.936
23/06/2025;;71.44;56.92;62.17;84.32;;0.793;0.631;0.69;0.935
30/06/2025;;71.49;57.04;62.28;84.42;;0.775;0.618;0.675;0.915
07/07/2025;;71.48;57.22;62.44;84.46;;0.769;0.615;0.671;0.908
14/07/2025;;71.48;57.46;62.69;84.49;;0.784;0.631;0.688;0.927
21/07/2025;;71.47;57.66;62.9;84.51;;0.785;0.633;0.691;0.928
28/07/2025;;71.5;57.83;63.06;84.54;;0.766;0.619;0.676;0.906
04/08/2025;;71.49;57.99;63.25;84.55;;0.78;0.632;0.69;0.922
11/08/2025;;71.5;58.23;63.52;84.58;;0.77;0.627;0.684;0.911
18/08/2025;;71.45;58.48;63.82;84.68;;0.762;0.624;0.681;0.904
25/08/2025;;71.52;58.83;64.22;84.78;;0.764;0.628;0.686;0.906
01/09/2025;;71.57;59.01;64.42;84.87;;0.761;0.627;0.685;0.902
08/09/2025;;71.73;59.35;64.78;85.04;;0.751;0.622;0.678;0.891
15/09/2025;;71.88;59.63;65.07;85.2;;0.724;0.6;0.655;0.858
22/09/2025;;72.2;60.05;65.44;85.33;;0.73;0.607;0.662;0.863
29/09/2025;;72.63;60.61;65.9;85.51;;0.744;0.62;0.675;0.875
06/10/2025;;72.94;61.19;66.41;86.06;;0.759;0.637;0.691;0.896
13/10/2025;;73.24;61.73;66.86;86.46;;0.779;0.656;0.711;0.919
20/10/2025;;73.56;62.13;67.21;86.85;;0.778;0.657;0.711;0.918
27/10/2025;;73.9;62.37;67.46;87.26;;0.785;0.663;0.717;0.927
03/11/2025;;74.56;62.25;67.34;87.9;;0.798;0.667;0.721;0.941
10/11/2025;;74.8;62.1;67.21;88.01;;0.797;0.662;0.716;0.938
17/11/2025;;75.21;61.88;67.07;88.27;;0.791;0.651;0.705;0.928